Глубина по стволу(м),Зенитный угол(град),Азимут ,Азимут маг(град),Азимут дир(град),Глубина по вертикали(м),Отклонение от верт(м),Интенсивность искривления
10.0,0.0,185.0,10.0,0.0,185.0,0.0,0.0
20.0,0.0,185.0,20.0,0.0,185.0,0.0,0.0
30.0,0.0,185.0,30.0,0.0,185.0,0.0,0.0
40.0,0.0,185.0,40.0,0.0,185.0,0.0,0.0
50.0,0.0,185.0,50.0,0.0,185.0,0.0,0.0
60.0,0.0,185.0,60.0,0.0,185.0,0.0,0.0
70.0,0.0,185.0,70.0,0.0,185.0,0.0,0.0
80.0,0.0,185.0,80.0,0.0,185.0,0.0,0.0
90.0,0.0,185.0,90.0,0.0,185.0,0.0,0.0
100.0,0.0,185.0,100.0,0.0,185.0,0.0,0.0
110.0,0.5,185.0,110.0,0.5,185.0,0.09,0.05
120.0,1.0,185.0,120.0,1.0,185.0,0.26,0.05
125.0,1.25,185.0,125.0,1.25,185.0,0.37,0.05
130.0,1.58,185.0,130.0,1.58,185.0,0.51,0.07
140.0,2.25,185.0,140.0,2.25,185.0,0.9,0.07
150.0,2.92,185.0,150.0,2.92,185.0,1.41,0.07
160.0,3.58,185.0,160.0,3.58,185.0,2.04,0.07
170.0,4.25,185.0,170.0,4.25,185.0,2.78,0.07
180.0,4.92,185.0,180.0,4.92,185.0,3.63,0.07
181.25,5.0,185.0,181.25,5.0,185.0,3.74,0.07
190.0,5.58,185.0,190.0,5.58,185.0,4.59,0.07
200.0,6.25,185.0,200.0,6.25,185.0,5.68,0.07
210.0,6.25,185.0,210.0,6.25,185.0,6.77,0.0
220.0,6.25,185.0,220.0,6.25,185.0,7.86,0.0
230.0,6.25,185.0,230.0,6.25,185.0,8.95,0.0
240.0,6.25,185.0,240.0,6.25,185.0,10.04,0.0
250.0,6.25,185.0,250.0,6.25,185.0,11.13,0.0
260.0,6.25,185.0,260.0,6.25,185.0,12.21,0.0
270.0,6.25,185.0,270.0,6.25,185.0,13.3,0.0
280.0,6.25,185.0,280.0,6.25,185.0,14.39,0.0
290.0,6.25,185.0,290.0,6.25,185.0,15.48,0.0
300.0,6.25,185.0,300.0,6.25,185.0,16.57,0.0
310.0,6.25,185.0,310.0,6.25,185.0,17.66,0.0
320.0,6.25,185.0,320.0,6.25,185.0,18.75,0.0
330.0,6.25,185.0,330.0,6.25,185.0,19.84,0.0
340.0,6.25,185.0,340.0,6.25,185.0,20.92,0.0
350.0,6.25,185.0,350.0,6.25,185.0,22.01,0.0
360.0,6.25,185.0,360.0,6.25,185.0,23.1,0.0
370.0,6.25,185.0,370.0,6.25,185.0,24.19,0.0
380.0,6.25,185.0,380.0,6.25,185.0,25.28,0.0
390.0,6.25,185.0,390.0,6.25,185.0,26.37,0.0
400.0,6.25,185.0,400.0,6.25,185.0,27.46,0.0
410.0,6.25,185.0,410.0,6.25,185.0,28.54,0.0
420.0,6.25,185.0,420.0,6.25,185.0,29.63,0.0
430.0,6.25,185.0,430.0,6.25,185.0,30.72,0.0
440.0,6.25,185.0,440.0,6.25,185.0,31.81,0.0
450.0,6.25,185.0,450.0,6.25,185.0,32.9,0.0
451.68,6.25,185.0,451.68,6.25,185.0,33.08,0.0
460.0,6.8,185.0,460.0,6.8,185.0,34.07,0.07
470.0,7.47,185.0,470.0,7.47,185.0,35.37,0.07
480.0,8.14,185.0,480.0,8.14,185.0,36.78,0.07
490.0,8.8,185.0,490.0,8.8,185.0,38.31,0.07
492.93,9.0,185.0,492.93,9.0,185.0,38.77,0.07
500.0,9.0,185.0,500.0,9.0,185.0,39.88,0.0
510.0,9.0,185.0,510.0,9.0,185.0,41.44,0.0
520.0,9.0,185.0,520.0,9.0,185.0,43.01,0.0
530.0,9.0,185.0,530.0,9.0,185.0,44.57,0.0
540.0,9.0,185.0,540.0,9.0,185.0,46.14,0.0
550.0,9.0,185.0,550.0,9.0,185.0,47.7,0.0
552.79,9.0,185.0,552.79,9.0,185.0,48.14,0.0
nan,nan,nan,nan,nan,nan,nan,nan
nan,nan,nan,nan,nan,nan,nan,nan
nan,nan,nan,nan,nan,nan,nan,nan
nan,nan,nan,nan,nan,nan,nan,nan
nan,nan,nan,nan,nan,nan,nan,nan
nan,nan,nan,nan,nan,nan,nan,nan
nan,nan,nan,nan,nan,nan,nan,nan
nan,nan,nan,nan,nan,nan,nan,nan
nan,nan,nan,nan,nan,nan,nan,nan
nan,nan,nan,nan,nan,nan,nan,nan
nan,nan,nan,nan,nan,nan,nan,nan
nan,nan,nan,nan,nan,nan,nan,nan
nan,nan,nan,nan,nan,nan,nan,nan
nan,nan,nan,nan,nan,nan,nan,nan
nan,nan,nan,nan,nan,nan,nan,nan
nan,nan,nan,nan,nan,nan,nan,nan
nan,nan,nan,nan,nan,nan,nan,nan
nan,nan,nan,nan,nan,nan,nan,nan
nan,nan,nan,nan,nan,nan,nan,nan
nan,nan,nan,nan,nan,nan,nan,nan
nan,nan,nan,nan,nan,nan,nan,nan
nan,nan,nan,nan,nan,nan,nan,nan
nan,nan,nan,nan,nan,nan,nan,nan
nan,nan,nan,nan,nan,nan,nan,nan
nan,nan,nan,nan,nan,nan,nan,nan
nan,nan,nan,nan,nan,nan,nan,nan
nan,nan,nan,nan,nan,nan,nan,nan
nan,nan,nan,nan,nan,nan,nan,nan
nan,nan,nan,nan,nan,nan,nan,nan
nan,nan,nan,nan,nan,nan,nan,nan
nan,nan,nan,nan,nan,nan,nan,nan
nan,nan,nan,nan,nan,nan,nan,nan
nan,nan,nan,nan,nan,nan,nan,nan
nan,nan,nan,nan,nan,nan,nan,nan
nan,nan,nan,nan,nan,nan,nan,nan
nan,nan,nan,nan,nan,nan,nan,nan
nan,nan,nan,nan,nan,nan,nan,nan
nan,nan,nan,nan,nan,nan,nan,nan
921.88,56.03,171.78,nan,nan,nan,nan,nan
930.0,57.14,171.71,nan,nan,nan,nan,nan
940.0,58.5,171.63,nan,nan,nan,nan,nan
950.0,59.87,171.56,nan,nan,nan,nan,nan
960.0,61.23,171.49,nan,nan,nan,nan,nan
970.0,62.6,171.42,nan,nan,nan,nan,nan
980.0,63.96,171.35,nan,nan,nan,nan,nan
990.0,65.33,171.28,nan,nan,nan,nan,nan
1000.0,66.7,171.21,nan,nan,nan,nan,nan
1010.0,68.06,171.15,nan,nan,nan,nan,nan
1016.51,68.95,171.11,nan,nan,nan,nan,nan
1020.0,69.43,171.08,nan,nan,nan,nan,nan
1030.0,70.79,171.02,nan,nan,nan,nan,nan
1040.0,72.16,170.96,nan,nan,nan,nan,nan
1050.0,73.52,170.9,nan,nan,nan,nan,nan
1060.0,74.89,170.84,nan,nan,nan,nan,nan
1070.0,76.25,170.78,nan,nan,nan,nan,nan
1080.0,77.62,170.72,nan,nan,nan,nan,nan
1088.49,78.78,170.67,nan,nan,nan,nan,nan
1090.0,78.78,170.67,nan,nan,nan,nan,nan
1100.0,78.78,170.67,nan,nan,nan,nan,nan
1110.0,78.78,170.67,nan,nan,nan,nan,nan
1120.0,78.78,170.67,nan,nan,nan,nan,nan
1130.0,78.78,170.67,nan,nan,nan,nan,nan
1140.0,78.78,170.67,nan,nan,nan,nan,nan
1150.0,78.78,170.67,nan,nan,nan,nan,nan
1160.0,78.78,170.67,nan,nan,nan,nan,nan
1170.0,78.78,170.67,nan,nan,nan,nan,nan
1180.0,78.78,170.67,nan,nan,nan,nan,nan
1190.0,78.78,170.67,nan,nan,nan,nan,nan
1200.0,78.78,170.67,nan,nan,nan,nan,nan
1210.0,78.78,170.67,nan,nan,nan,nan,nan
1220.0,78.78,170.67,nan,nan,nan,nan,nan
1230.0,78.78,170.67,nan,nan,nan,nan,nan
1240.0,78.78,170.67,nan,nan,nan,nan,nan
1250.0,78.78,170.67,nan,nan,nan,nan,nan
1260.0,78.78,170.67,nan,nan,nan,nan,nan
1270.0,78.78,170.67,nan,nan,nan,nan,nan
1280.0,78.78,170.67,nan,nan,nan,nan,nan
1290.0,78.78,170.67,nan,nan,nan,nan,nan
1300.0,78.78,170.67,nan,nan,nan,nan,nan
1310.0,78.78,170.67,nan,nan,nan,nan,nan
1320.0,78.78,170.67,nan,nan,nan,nan,nan
1330.0,78.78,170.67,nan,nan,nan,nan,nan
1340.0,78.78,170.67,nan,nan,nan,nan,nan
1350.0,78.78,170.67,nan,nan,nan,nan,nan
1360.0,78.78,170.67,nan,nan,nan,nan,nan
1370.0,78.78,170.67,nan,nan,nan,nan,nan
1380.0,78.78,170.67,nan,nan,nan,nan,nan
1390.0,78.78,170.67,nan,nan,nan,nan,nan
1400.0,78.78,170.67,nan,nan,nan,nan,nan
1410.0,78.78,170.67,nan,nan,nan,nan,nan
1420.0,78.78,170.67,nan,nan,nan,nan,nan
1430.0,78.78,170.67,nan,nan,nan,nan,nan
1440.0,78.78,170.67,nan,nan,nan,nan,nan
1450.0,78.78,170.67,nan,nan,nan,nan,nan
1460.0,78.78,170.67,nan,nan,nan,nan,nan
1470.0,78.78,170.67,nan,nan,nan,nan,nan
1480.0,78.78,170.67,nan,nan,nan,nan,nan
1490.0,78.78,170.67,nan,nan,nan,nan,nan
1500.0,78.78,170.67,nan,nan,nan,nan,nan
1502.42,78.78,170.67,nan,nan,nan,nan,nan
1506.79,78.78,170.67,nan,nan,nan,nan,nan
1510.0,78.99,170.92,nan,nan,nan,nan,nan
1512.81,79.18,171.13,nan,nan,nan,nan,nan
1520.0,79.67,171.67,nan,nan,nan,nan,nan
1530.0,80.34,172.42,nan,nan,nan,nan,nan
1540.0,81.02,173.17,nan,nan,nan,nan,nan
1550.0,81.69,173.91,nan,nan,nan,nan,nan
1560.0,82.37,174.66,nan,nan,nan,nan,nan
1570.0,83.05,175.4,nan,nan,nan,nan,nan
1580.0,83.73,176.13,nan,nan,nan,nan,nan
1590.0,84.41,176.87,nan,nan,nan,nan,nan
1600.0,85.09,177.6,nan,nan,nan,nan,nan
1610.0,85.78,178.33,nan,nan,nan,nan,nan
1620.0,86.46,179.07,nan,nan,nan,nan,nan
1630.0,87.15,179.8,nan,nan,nan,nan,nan
1640.0,87.83,180.53,nan,nan,nan,nan,nan
1650.0,88.52,181.25,nan,nan,nan,nan,nan
1660.0,89.2,181.98,nan,nan,nan,nan,nan
1670.0,89.89,182.71,nan,nan,nan,nan,nan
1673.02,90.09,182.93,nan,nan,nan,nan,nan
1680.0,90.09,182.93,nan,nan,nan,nan,nan
1690.0,90.09,182.93,nan,nan,nan,nan,nan
1700.0,90.09,182.93,nan,nan,nan,nan,nan
1710.0,90.09,182.93,nan,nan,nan,nan,nan
1720.0,90.09,182.93,nan,nan,nan,nan,nan
1730.0,90.09,182.93,nan,nan,nan,nan,nan
1740.0,90.09,182.93,nan,nan,nan,nan,nan
1750.0,90.09,182.93,nan,nan,nan,nan,nan
1760.0,90.09,182.93,nan,nan,nan,nan,nan
1770.0,90.09,182.93,nan,nan,nan,nan,nan
1780.0,90.09,182.93,nan,nan,nan,nan,nan
1790.0,90.09,182.93,nan,nan,nan,nan,nan
1800.0,90.09,182.93,nan,nan,nan,nan,nan
1810.0,90.09,182.93,nan,nan,nan,nan,nan
1820.0,90.09,182.93,nan,nan,nan,nan,nan
1830.0,90.09,182.93,nan,nan,nan,nan,nan
1840.0,90.09,182.93,nan,nan,nan,nan,nan
1850.0,90.09,182.93,nan,nan,nan,nan,nan
1860.0,90.09,182.93,nan,nan,nan,nan,nan
1870.0,90.09,182.93,nan,nan,nan,nan,nan
1880.0,90.09,182.93,nan,nan,nan,nan,nan
1890.0,90.09,182.93,nan,nan,nan,nan,nan
1900.0,90.09,182.93,nan,nan,nan,nan,nan
1910.0,90.09,182.93,nan,nan,nan,nan,nan
1920.0,90.09,182.93,nan,nan,nan,nan,nan
1930.0,90.09,182.93,nan,nan,nan,nan,nan
1940.0,90.09,182.93,nan,nan,nan,nan,nan
1950.0,90.09,182.93,nan,nan,nan,nan,nan
1960.0,90.09,182.93,nan,nan,nan,nan,nan
1970.0,90.09,182.93,nan,nan,nan,nan,nan
1980.0,90.09,182.93,nan,nan,nan,nan,nan
1990.0,90.09,182.93,nan,nan,nan,nan,nan
2000.0,90.09,182.93,nan,nan,nan,nan,nan
2010.0,90.09,182.93,nan,nan,nan,nan,nan
2020.0,90.09,182.93,nan,nan,nan,nan,nan
2030.0,90.09,182.93,nan,nan,nan,nan,nan
2040.0,90.09,182.93,nan,nan,nan,nan,nan
2050.0,90.09,182.93,nan,nan,nan,nan,nan
2060.0,90.09,182.93,nan,nan,nan,nan,nan
2070.0,90.09,182.93,nan,nan,nan,nan,nan
2080.0,90.09,182.93,nan,nan,nan,nan,nan
2090.0,90.09,182.93,nan,nan,nan,nan,nan
2100.0,90.09,182.93,nan,nan,nan,nan,nan
2110.0,90.09,182.93,nan,nan,nan,nan,nan
2120.0,90.09,182.93,nan,nan,nan,nan,nan
2130.0,90.09,182.93,nan,nan,nan,nan,nan
2140.0,90.09,182.93,nan,nan,nan,nan,nan
2150.0,90.09,182.93,nan,nan,nan,nan,nan
2160.0,90.09,182.93,nan,nan,nan,nan,nan
2170.0,90.09,182.93,nan,nan,nan,nan,nan
2180.0,90.09,182.93,nan,nan,nan,nan,nan
2190.0,90.09,182.93,nan,nan,nan,nan,nan
2200.0,90.09,182.93,nan,nan,nan,nan,nan
2210.0,90.09,182.93,nan,nan,nan,nan,nan
2220.0,90.09,182.93,nan,nan,nan,nan,nan
2230.0,90.09,182.93,nan,nan,nan,nan,nan
2240.0,90.09,182.93,nan,nan,nan,nan,nan
2250.0,90.09,182.93,nan,nan,nan,nan,nan
2260.0,90.09,182.93,nan,nan,nan,nan,nan
2270.0,90.09,182.93,nan,nan,nan,nan,nan
2277.67,90.09,182.93,nan,nan,nan,nan,nan
